0,0,ORIENTAL LOUNGE新宿店,https://goo.gl/maps/ZwFwF3Vb3pyHSu3a7,0
0,0,ORIENTAL LOUNGE渋谷本店,https://goo.gl/maps/byJoUQht9eSSR9P96,0
0,0,ORIENTAL LOUNGE渋谷駅前店,https://goo.gl/maps/AxemztM6eavXB6XY9,0
0,0,ORIENTAL LOUNGE町田店,https://g.page/oriental-lounge-machida?share,0
0,0,相席屋歌舞伎町店,https://goo.gl/maps/BBXWjksqacTDrnKT6,0
0,0,相席屋２ON２新宿東口店,https://goo.gl/maps/wRfFYikryS3zPmoUA,0
0,0,相席屋池袋東口店,https://goo.gl/maps/vHW1Bgp4hKmcBFfA9,0
0,0,相席屋池袋西口店,https://goo.gl/maps/Zf2w9ZqEAvbTq3qR7,0
0,0,相席屋恵比寿店,https://goo.gl/maps/yymhRVSxGoBXQowE6,0
0,0,相席屋上野店,https://goo.gl/maps/Wj73XkeCaVZk7DMB9,0
0,0,相席屋渋谷店,https://goo.gl/maps/oGAq5EtJVzviju4v7,0
0,0,相席屋錦糸町店,https://goo.gl/maps/pYmJvA87gsv7yHBC6,0
0,0,渋谷 相席ラウンジミラス,https://goo.gl/maps/75c7tgk9HdGBqN2w7,0
0,0,恵比寿 相席ラウンジミラス,https://goo.gl/maps/kbWu4j3c2qCs2MdT6,0
0,0,BLIND DATE LOUNGE VIVO,https://goo.gl/maps/NP4FoUb5oUGg4esz6,0
